number,code,name,qualification,duration,conditions
1,ACP1801,بناء في التراث المبني  ,3,18,الطور المتوسط
2,ACP1802,تقنية الحفاظ على التراث المبني,3,18,الرابعة متوسط
3,ACP1804,تقني في الحفاظ على التراث المبني,4,24,الثانية ثانوي
4,ACP1805,تقني في ترميم التراث المبني,4,24,الثانية ثانوي
5,ACP0701,ترميم المواقع الأثرية و المعالم التذكارية ,5,30,الثالثة ثانوي
6,ACP1806,الحفاظ على التراث المبني,5,30,الثالثة ثانوي
7,ACP1807,تسيير أشغال ترميم التراث المبني,5,30,الثالثة ثانوي
1,AGR1901,المحاصيل تحت الدفيئة ,2,12,الطور الابتدائي
2,AGR0701,زراعة الخضروات ,2,12,الطور الابتدائي
3,AGR0702,زراعة الأشجار الُمُـثـمرة ,2,12,الطور الابتدائي
4,AGR0703,البـسـتـنـة ,2,12,الطور الابتدائي
5,AGR0704,الزراعات الكبـرى ,2,12,الطور الابتدائي
6,AGR0705,الزراعــات الصحراوية ,2,12,الطور الابتدائي
7,AGR0706,المشتـلـة ,2,12,الطور الابتدائي
8,AGR1203,زراعة الحبــوب ,2,12,الطور الابتدائي
9,AGR1205,زراعة الكـروم ,2,12,الطور الابتدائي
10,AGR1206,زراعة الغابـات ,2,12,الطور الابتدائي
11,AGR1207,"زراعة النباتات الطبية ،العطرية و الأعشاب ",2,12,الطور الابتدائي
12,AGR1902,زراعة النخيل    ,2,12,الطور الابتدائي
13,AGR1903,تركيب وصيانة العشب الرياضي  ,5,30,الثالثة ثانوي
14,AGR0719,البستنـة والمساحـات الخضـراء ,3,12,الطور الابتدائي
15,AGR0708,زراعة الخضــروات ,4,24,الثانية ثانوي
16,AGR0709,زراعـة الأشجـار الُمُـثمـرة ,5,30,الثالثة ثانوي
17,AGR0710,مُـصـمّـم البسـاتين ,5,30,الثالثة ثانوي
18,AGR0711,الزراعات الكبـرى ,5,30,الثالثة ثانوي
19,AGR0712,حمـايـة النبـاتات ,5,30,الثالثة ثانوي
20,AGR1210,زراعة الكـروم ,5,30,الثالثة ثانوي
21,AGR1211,زراعة الغابات ,5,30,الثالثة ثانوي
22,AGR1212,"زراعة النباتات الطبية ،العطرية و الأعشاب  ",5,30,الثالثة ثانوي
23,AGR1213,زراعة النخيل ,5,30,الثالثة ثانوي
24,AGR2121,تـربيـة الـدواجـن ,1,12,الطور الابتدائي
25,AGR2121,تـربية الأرانـب ,1,12,الطور الابتدائي
26,AGR1201,تـربية الإبــل ,1,12,بدون مستوى
27,AGR1202,حــالب الأبقــار ,1,12,الطور الابتدائي
28,AGR0713,تـربية النحـل ,2,12,الطور الابتدائي
29,AGR0714,تـربية الحيوانات المجترة ,2,12,الطور الابتدائي
30,AGR0715,تـربية الحيوانات الصغيرة ,2,12,الطور الابتدائي
31,AGR0707,تـربية الخيول ,2,12,الطور الابتدائي
32,AGR1208,تـربية الأبـقــار ,2,12,الطور الابتدائي
33,AGR1209,تـربية الأغنــام والمعــز ,2,12,الطور الابتدائي
34,AGR0716,الإنتاج الحيواني / خيار: تـربية الحيوانات المجتـرة  ,5,30,الثالثة ثانوي
35,AGR0717,الإنتاج الحيواني / خيار: تـربية الحيوانات الصغيرة ,5,30,الثالثة ثانوي
36,AGR0718,مساعد في الصحــة الحيوانية ,5,30,الثالثة ثانوي
1,AIG0701,تشغيل آلات الطبع هيليو ,2,12,الرابعة متوسط
2,AIG0702,تشغيل آلات الطبع فليكسو ,2,12,الرابعة متوسط
3,AIG0703,تشغيل آلات الطبع أوفست ,2,12,الرابعة متوسط
4,AIG0704,تشغيل آلات التجليد الصناعي  ,3,18,الرابعة متوسط
5,AIG0705,الطبع الحريري,3,18,الرابعة متوسط
6,AIG1201,تشغيل وسائل الطبع / خيار: فليكسو و هيليو,3,18,الرابعة متوسط
7,AIG1202,التجليد الفني و ترميم الكتب  ,4,24,الثانية ثانوي
8,AIG0706,تشغيل آلات الطبع ,4,24,الثانية ثانوي
9,AIG0707,النشر ,5,30,الثالثة ثانوي
10,AIG1203,مخطط معلوماتي و مصمم ,5,30,الثالثة ثانوي
11,AIG1204,الاتصال و الصناعات المطبعية / خيار:  دراسة و انجاز المنتجات التخطيطية ,5,30,الثالثة ثانوي
12,AIG1205,الاتصال و الصناعات المطبعية /خيار: دراسة و انجاز المنتجات المطبعية,5,30,الثالثة ثانوي
13,AIG1206,الاتصال المطبعي / خيار: ابتكار لوازم التغليف ,5,30,الثالثة ثانوي
1,ART0701,النقش على الخشب ,2,12,الطور الابتدائي
2,ART0702,الحدادة الفنية ,2,12,الطور الابتدائي
3,ART0703,نقش على الجبس ,2,12,الطور الابتدائي
4,ART0704,صناعة الخزف / تخصص فخار ,2,12,الطور الابتدائي
5,ART0705,النسيج التقليدي ,2,12,الطور الابتدائي
6,ART0706,النُحاسيات ,2,12,الطور الابتدائي
7,ART0707,السلالة ,2,12,الطور الابتدائي
8,ART0708,النقش على الرخام و الحجر ,2,12,الطور الابتدائي
9,ART0709,صناعة الحلي التقليدي ,2,12,الطور الابتدائي
10,ART0710,الطرز ,2,12,الطور الابتدائي
11,ART0711,"طلاء، حروف و زخرفة ",2,12,الطور الابتدائي
12,ART0712,الزخرفة على الزجاج ,2,12,الطور الابتدائي
13,ART1210,النفخ على الزجاج ,2,12,الطور الابتدائي
14,ART0713,صناعة الخزف / تخصص الزليج ,2,12,الطور الابتدائي
15,ART1201,المنسوج ,2,12,الطور الابتدائي
16,ART1202,الفريدة ,2,12,الطور الابتدائي
17,ART1801,تنجيد ,2,12,الطور الابتدائي
18,ART1203,الطرز التقليدي ,2,12,الطور الابتدائي
19,ART1204,الفخار التقليدي ,2,12,الطور الابتدائي
20,ART1205,صناعة السروج ,2,12,الطور الابتدائي
21,ART1206,المنتجات الجلدية التقليدية ,2,12,الطور الابتدائي
22,ART0714,الألبسة التقليدية ,3,18,الطور الابتدائي
23,ART0715,صياغة المجوهرات ,3,18,الطور المتوسط
24,ART0716,صناعة و صيانة الآلات الموسيقية الوترية ,3,18,نهاية الطور الابتدائي
25,ART1207,فن الخط ,4,24,الثانية ثانوي
26,ART1208,فن الزجاج / تخصص الزجاج الملون ,4,24,الثانية ثانوي
27,ART1209,صياغة وصناعة الحلي  ,5,30,الثالثة ثانوي
1,BAM0701,النجارة المعمارية ,2,12,الطور الابتدائي
2,BAM0702,هياكل البناء الخشبية ,2,12,الطور الابتدائي
3,BAM0703,نجارة الهياكل البحرية ,3,18,الطور المتوسط
4,BAM0704,نجارة الأثاث ,3,18,الطور المتوسط
5,BAM0705,نجارة التنضيد ,3,18,الرابعة متوسط
6,BAM0706,الصناعات الخشبية ,5,30,الثالثة ثانوي
1,BTP1801,صيانة الطرقات ,1,12,الطور الابتدائي
2,BTP1213,إنجاز سابق الإجهاد ,1,12,الطور الابتدائي
3,BTP1214,التركيب الصحي  ,1,12,نهاية الطور الابتدائي
4,BTP0701,بنــاء ,2,12,الطور الابتدائي
5,BTP0708,القولبة والتسليح ,2,12,الطور الابتدائي
6,BTP0709,المساكة ,2,12,الطور الابتدائي
7,BTP0710,نحت و تركيب الحجر والرخام ,2,12,الطور الابتدائي
8,BTP0702,التجصيص ,2,12,الطور الابتدائي
9,BTP0703,طلاء و تركيب الزجاج ,2,12,الطور الابتدائي
10,BTP1901,دهن الإيبوكسي للأرضيات و الجدران   ,2,12,الطور الابتدائي
11,BTP0705,البلاط الخزف و الفسيفساء ,2,12,الطور الابتدائي
12,BTP0706,التركيب الصحي و الغـاز ,2,12,الرابعة متوسط
13,BTP0707,التدفـئة المركزية ,2,12,الرابعة متوسط
14,BTP1201,التجصيص و تركيب الصفائح الجصية,3,18,نهاية الطور الابتدائي
15,BTP1902,تركيب و كساء الواجهات,3,18,نهاية الطور الابتدائي
16,BTP0711,عامل في مخبر ميكانيك التربة,3,18,الرابعة متوسط
17,BTP0712,البنــاء المــوسـع,3,18,الطور المتوسط
18,BTP0713,هياكل البناء الخشبية والسقوف,3,18,الطور المتوسط
19,BTP0714,تلبيس الأرضات الرياضية,3,18,الطور المتوسط
20,BTP1802,تلبيس الأرضات,3,18,الطور المتوسط
21,BTP0715,الطوبوغرافيا,4,24,الثانية ثانوي
22,BTP0716,متابعة الإنجاز في البناء,4,24,الثانية ثانوي
23,BTP1803,إعادة تأهيل البناء,4,24,الثانية ثانوي
24,BTP1804,العزل الحراري والصوتي,4,24,الثانية ثانوي
25,BTP1202,تقني في التعمير,4,24,الثانية ثانوي
26,BTP1203,التركيب في التهوية وتكييف الهـواء,4,24,الثانية ثانوي
27,BTP1204,متار جميع عناصر البناء,4,24,الثانية ثانوي
28,BTP1205,تقني في ميكانيكا التربة ,4,24,الثانية ثانوي
29,BTP1206,تقني في الأشغال العمومية ,4,24,الثانية ثانوي
30,BTP1207,الطرق و الشبكات المختلفة ,4,24,الثانية ثانوي
31,BTP1208,رسم الدراسة / خيار: هندسة معمارية ,4,24,الثانية ثانوي
32,BTP1209,رسم الدراسة / خيار: خرسانة مسلحة ,4,24,الثانية ثانوي
33,BTP0717,الأشغال العمومية و المنشآت الفنية ,5,30,الثالثة ثانوي
34,BTP1805,الطاقة الأمثل للبنايات ,5,30,الثالثة ثانوي
35,BTP0718,الأشغال الجيوتقنية ,5,30,الثالثة ثانوي
36,BTP0719,مسّـاح طوبوغرافي ,5,30,الثالثة ثانوي
37,BTP0720,مُسير أشغال البناء ,5,30,الثالثة ثانوي
38,BTP0721,الطرق و الشبكات المختلفة ,5,30,الثالثة ثانوي
39,BTP0722,مُسير الأشغال العمومية ,5,30,الثالثة ثانوي
40,BTP0723,متار مُحقق و دراسة الأسعار ,5,30,الثالثة ثانوي
41,BTP0724,رسّام مسقط في الهندسة المعمارية ,5,30,الثالثة ثانوي
42,BTP0725,رسّام مُسقط في الخرسانة المسلـحة ,5,30,الثالثة ثانوي
43,BTP0726,تعمير ,5,30,الثالثة ثانوي
44,BTP0727,"التركيب الصحي، التدفئة والتكييف ",5,30,الثالثة ثانوي
45,BTP0728,مُصـمّم المجـسّـمات في البناء و الأشغال العُمومية ,5,30,الثالثة ثانوي
46,BTP0729,الهندسة المعمارية الداخلية ,5,30,الثالثة ثانوي
47,BTP0730,إعادة تأهيل و تجديد البنايات ,5,30,الثالثة ثانوي
48,BTP1210,طرق وتنظيم ورشة بناء ,5,30,الثالثة ثانوي
49,BTP1211,دراسة و اقتصاد البنـاء ,5,30,الثالثة ثانوي
50,BTP1212,تصميم الخرائط ,5,30,الثالثة ثانوي
51,BTP1903,الطاقات المتجددة في مجال البناء,5,30,الثالثة ثانوي
52,BTP1904,تركيب وصيانة شبكات الموائع الطبية,5,30,الثالثة ثانوي
1,CIP1801,صناعة التجهيزات وقطع الغيار الخاصة بمادة البوليستر المقوى بألياف الزجاج ,2,12,الرابعة متوسط
2,CIP0701,تصفيح راتنج بوليستر ,2,12,الرابعة متوسط
3,CIP1901,صناعة البلاستيك ,2,12,الرابعة متوسط
4,CIP0702,تشكيل المطاط الاصطناعي  ,3,18,الرابعة متوسط
5,CIP0703,تقني في الكيمياء ,4,24,الثانية ثانوي
6,CIP0704,تحويل البلاستيك ,4,24,الثانية ثانوي
7,CIP0705,صناعة الورق و الورق المقوى ,4,24,الثانية ثانوي
8,CIP0706,"كيمياء، الطلاء، الغراء والبرنيق  ",4,24,الثانية ثانوي
9,CIP0707,صناعة الزجاج و المرايا ,4,24,الثانية ثانوي
10,CIP0708,تحويل تشكيلات المطاط الاصطناعي  ,4,24,الثانية ثانوي
11,CIP0709,مراقبة نوعية المواد البلاستيكية ,5,30,الثالثة ثانوي
12,CIP0710,مراقبة نوعية المواد المطهرة و مواد التجميل ,5,30,الثالثة ثانوي
13,CIP0711,مراقبة نوعية المصنوعات الزجاجية ,5,30,الثالثة ثانوي
14,CIP0712,مراقبة نوعية المطاط الاصطناعي  ,5,30,الثالثة ثانوي
15,CIP1201,الكيمياء الصناعية ,5,30,الثالثة ثانوي
16,CIP1202,"نظافة، أمـن و البيئة ",5,30,الثالثة ثانوي
17,CIP1802,الصناعات البلاستيكية ,5,30,الثالثة ثانوي
18,CIP1803,الصناعات الورقية /خيار:  تحويل الورق و الورق المقوى ,5,30,الثالثة ثانوي
19,CIP1804,صيانة أنظمة أنابيب البوليستر والمقوى بالألياف الزجاجية ,5,30,الثالثة ثانوي
1,CML1201,قــفـالــة ,1,12,الطور الابتدائي
2,CML1202,مطالة وهياكل المركبات ,1,12,الطور الابتدائي
3,CML0701,تلحيم ,2,12,الطور المتوسط
4,CML0702,"مطالة ، هياكل المركبات و الطلاء ",2,12,الرابعة متوسط
5,CML0703,نجارة معدنية ,2,12,الطور المتوسط
6,CML0704,نجارة الألومينيوم والمواد البلاستيكية (PVC),2,12,الطور الابتدائي
7,CML0705,هـيكلة المعدنية ,2,12,الرابعة متوسط
8,CML0706,عامل في الطلاء الصناعي  ,2,12,الرابعة متوسط
9,CML0707,صناعة القدور المعدنية ,3,18,الرابعة متوسط
10,CML0708,تلحيم الأنابيب ,3,18,الرابعة متوسط
11,CML0709,مُراقبة النوعية البعدية في الإنشاءات المعدنية ,3,18,الرابعة متوسط
12,CML0710,الرسم في الإنشاءات المعدنية ,3,18,الرابعة متوسط
13,CML0711,مراقبة التلحيم  ,4,24,الثانية ثانوي
14,CML0712,صناعة منتوجات نجارة الألومينيوم و البلاستيكية (PVC),4,24,الثانية ثانوي
15,CML0713,تنظيم و إطلاق الإنشاءات المعدنية ,4,24,الثانية ثانوي
16,CML1203,هياكل المركبات و الطلاء ,4,24,الثانية ثانوي
17,CML1204,تلحيم الصفائح والمجنبات ,4,24,الثانية ثانوي
18,CML0714,تحضيرات و طرق الإنشاءات المعدنية ,4,24,الثانية ثانوي
19,CML1205,رسم الدراسات في الإنشاءات المعدنية ,4,24,الثانية ثانوي
20,CML1206,قدور أنابيب صناعية ,4,24,الثانية ثانوي
21,CML0715,الدراسات في الهيكلة المعدنية ,5,30,الثالثة ثانوي
22,CML0716,الدراسات و التصاميم في نجارة الألومينيوم و المواد البلاستيكية (PVC),5,30,الثالثة ثانوي
23,CML0717,تلحـيم صنــاعــي  ,5,30,الثالثة ثانوي
24,CML1801,تصميم وإنجاز هياكل السيارات ,5,30,الثالثة ثانوي
1,CMS0704,القولبة في السباكة ,2,12,الطور الابتدائي
2,CMS0701,الـخراطة ,2,12,الرابعة متوسط
3,CMS0702,تفريز ,2,12,الرابعة متوسط
4,CMS0703,شـحْـذ ,2,12,الرابعة متوسط
5,CMS0705,الصيانة الميكانيكية في الإنشاءات الميكانيكية والصناعة الحديدية ,3,18,الرابعة متوسط
6,CMS1201,إسـتـصـنـاع  ,3,18,الرابعة متوسط
7,CMS1202,تجليخ  ,3,18,الرابعة متوسط
8,CMS1203,إستصناع بالمخرطـة ذات التحكم الرقمي  ,3,18,الرابعة متوسط
9,CMS1801,التركيب و ضبط في الإنشاءات الميكانيكية والصناعة الحديدية ,3,18,الرابعة متوسط
10,CMS0706,التحضير والطرق في الإنشاءات الميكانيكية والصناعة الحديدية,4,24,الثانية ثانوي
11,CMS0707,علم القياس ومراقبة النوعية ,4,24,الثانية ثانوي
12,CMS0708,الرسم في دراسات الإنشاءات الميكانيكية والصناعة الحديدية ,4,24,الثانية ثانوي
13,CMS0709,الصيانة الصناعية في الإنشاءات الميكانيكية والصناعة الحديدية ,4,24,الثانية ثانوي
14,CMS0710,الأنتجة الميكانيكية / خيار: إستصناع ,4,24,الثانية ثانوي
15,CMS0711,الأنتجة الميكانيكية / خيار: آلات وأدوات التصليح  ,4,24,الثانية ثانوي
16,CMS1204,إستصناع بالسحج  ,4,24,الثانية ثانوي
17,CMS0712,الـسـباكـة ,4,24,الثانية ثانوي
18,CMS0713,الصيانة الصناعية في الإنشاءات الميكانيكية والصناعة الحديدية ,5,30,الثالثة ثانوي
19,CMS0714,دراسة و إنجاز آلات وأدوات التصليح  ,5,30,الثالثة ثانوي
20,CMS0715,تشكيل المواد بالتطريق ,5,30,الثالثة ثانوي
21,CMS0716,الأنتجة الميكانيكية / خيار: استصناع ,5,30,الثالثة ثانوي
22,CMS0717,سباكـة المزائج المقوْلبة ,5,30,الثالثة ثانوي
23,CMS1901,معالجة المواد  ,5,30,الثالثة ثانوي
1,CPX1801,خياطة تركيب الأحذية المنتجات الجلدية و الألبسة الجلدية   ,1,12,الطور الابتدائي
2,CPX1802,تركيب وتشطيب الأحذية ,1,12,الطور الابتدائي
3,CPX0701,الـسكافة وتصليح منتجات المواد اللينة ,2,12,الطور الابتدائي
4,CPX0702,التجهيز و التأثيث الداخلي للمركبات ,2,12,الطور الابتدائي
5,CPX0703,مشغل الآلات الميكانيكية للدباغة ,2,12,الطور الابتدائي
6,CPX0704,المنتجات الجلدية الصناعية  ,2,12,الطور الابتدائي
7,CPX0705,عامل في تحضير الدباغــة ,2,12,الطور الابتدائي
8,CPX1201,"مفصل ،محضير الأحذية ، والمنتجات الجلدية ، القفاز و الملابس الجلدية  ",2,12,الطور الابتدائي
9,CPX1803,نموذج تدرج للأحذية والمواد اللينة ,3,18,الرابعة متوسط
10,CPX0706,الدباغة ,4,24,الثانية ثانوي
11,CPX0707,الأحذية و المنتجات الجلدية ,4,24,الثانية ثانوي
12,CPX1804,الصناعة الجلدية / الخيار: دباغة- بياضة ,5,30,الثالثة ثانوي
13,CPX0708,التصنيع والإنتاج الآلي للأحذية ,5,30,الثالثة ثانوي
14,CPX1805,مراقبة الجودة في الصناعات الجلدية ,5,30,الثالثة ثانوي
1,ELE0701,كهرباء السيارات ,2,12,الرابعة متوسط
2,ELE0702,الكهرباء الصناعية ,2,12,الرابعة متوسط
3,ELE0703,الكهرباء المعمارية ,2,12,الرابعة متوسط
4,ELE1201,"تركيب الألواح الشمسية، الضوئية و الحرارية ",2,12,الرابعة متوسط
5,ELE0704,تركيب و صيانة أجهزة التبريد و التكييف ,3,18,الرابعة متوسط
6,ELE0705,الكهروميكانيكية ,3,18,الرابعة متوسط
7,ELE0706,تصليح الأجهزة الكهرو منزلية ,3,18,الرابعة متوسط
8,ELE1202,الكهرو تقني  ,3,18,الرابعة متوسط
9,ELE1203,صيانة أجهزة الاستنساخ ,3,18,الرابعة متوسط
10,ELE0707,إلكترونيك السيارات ,4,24,الثانية ثانوي
11,ELE0708,الكهرو تقني  ,4,24,الثانية ثانوي
12,ELE0709,الإلكترونيك الصناعية ,4,24,الثانية ثانوي
13,ELE1204,التبريد الصناعي و التكييف,4,24,الثانية ثانوي
14,ELE1205,الكهروميكانـيك ,4,24,الثانية ثانوي
15,ELE1206,صيانة التجهيزات المعلوماتية ,4,24,الثانية ثانوي
16,ELE1207,"تركيب و صيانة الألواح الشمسية، الضوئية  ",4,24,الثانية ثانوي
17,ELE1208,"تركيب و صيانة الألواح الشمسية، الحرارية ",4,24,الثانية ثانوي
18,ELE1210,تركيب و تصليح الأجهزة الكهرو منزلية ,4,24,الثانية ثانوي
19,ELE0711,صيانة المصاعد ,4,24,الثانية ثانوي
20,ELE1211,التلفيف الكهربائي  ,4,24,الثانية ثانوي
21,ELE1212,تركيب و صيانة أجهزة التوليد بالرياح ,4,24,الثانية ثانوي
22,ELE1801,تركيب وصيانة أنظمة الإنذار والمراقبة بالفيديو ,4,24,الثانية ثانوي
23,ELE1209,صيانة الأنظمة الميكانيكية الآلية ,4,24,الثانية ثانوي
24,ELE0712,الكهرو تقني  ,5,30,الثالثة ثانوي
25,ELE0713,الصيانة الصناعية ,5,30,الثالثة ثانوي
26,ELE0714,الكهرباء الصناعية ,5,30,الثالثة ثانوي
27,ELE0715,تركيب أجهزة التبريد والتكييف ,5,30,الثالثة ثانوي
28,ELE0716,صيانة الأجهزة المعلوماتية و المكتبية ,5,30,الثالثة ثانوي
29,ELE0717,صيانة الأجهزة السمعية البصرية ,5,30,الثالثة ثانوي
30,ELE0718,الاكترونيك الصناعية ,5,30,الثالثة ثانوي
31,ELE0719,الآلية و الضبط ,5,30,الثالثة ثانوي
32,ELE0720,صيانة المُعدّات الطبية ,5,30,الثالثة ثانوي
33,ELE1213,ميتورولوجيا و أدوات الضبط ,5,30,الثالثة ثانوي
34,ELE1214,التشغيل الآلي للمنازل  ,5,30,الثالثة ثانوي
35,ELE1215,صيانة الأنظمة الميكانيكية الآلية ,5,30,الثالثة ثانوي
36,ELE1601,الفعالية الطاقوية و الآلية الصناعية ,5,30,الثالثة ثانوي
37,ELE1802,صيانة الأنظمة – خيار: إنتاجية ,5,30,الثالثة ثانوي
38,ELE1803,صيانة أنظمة الطاقات و السوائل ,5,30,الثالثة ثانوي
39,ELE1804,صيانة أنظمة التوليد بالرياح ,5,30,الثالثة ثانوي
40,ELE1122,تركيب و صيانة المصاعد ,5,30,الثالثة ثانوي
1,HRT0701,صناعة الحلويات ,2,12,الطور الابتدائي
2,HRT0702,الخبازة والفطائر ,2,12,الطور الابتدائي
3,HRT0703,الإطعام / خيار: الطبخ التقليدي ,2,12,الطور الابتدائي
4,HRT0704,الإطعام / خيار: الطبخ الجماعي  ,2,12,الرابعة متوسط
5,HRT0705,الفندقة - الإطعام / خيار: الإطعام ,2,12,الرابعة متوسط
6,HRT0706,الفندقة - الإطعام / خيار: الطبخ  ,2,12,الرابعة متوسط
7,HRT1801,الفندقة - الإطعام / خيار: خدمات المقهى ,2,12,الرابعة متوسط
8,HRT1802,الفندقة / خيار: خدمات فندقية ,2,12,الطور المتوسط
9,HRT0707,الفندقة / خيار: الاستقبال ,2,12,الرابعة متوسط
10,HRT1201,الفندقة - الإطعام / خيار: جزارة فندقية ,3,18,الرابعة متوسط
11,HRT1803,الفندقة - الإطعام / خيار: الإنتاج المطبخي  ,4,24,الثانية ثانوي
12,HRT1804,الفندقة- الإطعام / خيار: خدمات المطعم ,4,24,الثانية ثانوي
13,HRT0709,الفندقة / خيار: الاستقبال ,4,24,الثانية ثانوي
14,HRT1202,الفندقة / خيار: الايواء ,4,24,الثانية ثانوي
15,HRT0708,السياحة / خيار: وكالة الأسفار ,4,24,الثانية ثانوي
16,HRT1805,الفندقة -الإطعام/خيار: فن خدمة الطاولة ,5,30,الثالثة ثانوي
17,HRT1806,الفندقة - الإطعام /خيار: فن الطبخ ,5,30,الثالثة ثانوي
18,HRT1807,الفندقة - الإطعام / خيار: الطبخ التقليدي ,5,30,الثالثة ثانوي
19,HRT1808,الفندقة/خيار: تسيير و إدارة الفنادق ,5,30,الثالثة ثانوي
20,HRT1902,المناجمنت في الفنادق - الإطعام ,5,30,الثالثة ثانوي
21,HRT0710,السياحة/خيار: الإنتاج والتسويق ,5,30,الثالثة ثانوي
22,HRT0711,التنشيط و التسيير السياحي  ,5,30,الثالثة ثانوي
23,HRT0712,السياحة / خيار: مرشد المتاحف ,5,30,الثالثة ثانوي
24,HRT0713,السياحة / خيار: وكالة الأسفار ,5,30,الثالثة ثانوي
25,HRT1809,التسيير الفندقي / خيار: الإيواء ,5,30,الثالثة ثانوي
26,HRT1810,التسيير الفندقي / خيار: الاستقبال ,5,30,الثالثة ثانوي
27,HRT1203,السياحة / خيار: مرشد السياحة المحلية ,5,30,الثالثة ثانوي
1,IAA0701,تحضير المشروبات و المعلبات ,2,12,الرابعة متوسط
2,IAA0702,إنتاج زيت الزيتون ,2,12,الطور الابتدائي
3,IAA0703,تحضير المواد الدسمة ,2,12,الرابعة متوسط
4,IAA0704,"تحضير الحلوى ، الشكولاطة و البسكويت ",2,12,الرابعة متوسط
5,IAA0705,جزارة و منتجات اللحوم ,2,12,نهاية الطور الابتدائي
6,IAA0706,تحويل التمور ,2,12,الطور الابتدائي
7,IAA0707,حفـظ وتحويل منتجات الصيد البحري ,2,12,الرابعة متوسط
8,IAA1901,صناعة الأجبان ,2,12,الطور الابتدائي
9,IAA0708,إنتاج و تصفية الزيوت الغذائية ,4,24,الثانية ثانوي
10,IAA0709,إنتاج أغذية الحيوانات ,4,24,الثانية ثانوي
11,IAA1201,"تكنولوجيا صنع الحلوى، الشكولاطة و البسكويت ",4,24,الثانية ثانوي
12,IAA1801,تعبئة وتغليف المواد الزراعية الغذائية ,4,24,الثانية ثانوي
13,IAA1802,تكنولوجيا تحويل التمور  ,4,24,الثانية ثانوي
14,IAA1803,تحويل اللحوم ,4,24,الثانية ثانوي
15,IAA1902,تحويل الحليب ,4,24,الثانية ثانوي
16,IAA0710,مراقبة و تعبئة منتجات الحليب ,5,30,الثالثة ثانوي
17,IAA1903,الاجبان و مشتقات الحليب ,5,30,الثالثة ثانوي
18,IAA0711,إنتاج المشروبات والمعلبات ,5,30,الثالثة ثانوي
19,IAA0712,تحويل الحبوب ,5,30,الثالثة ثانوي
20,IAA0713,مراقبة النوعية في الصناعات الغدائية ,5,30,الثالثة ثانوي
21,IAA0714,إنتاج المواد الدسمة ,5,30,الثالثة ثانوي
1,INP1801,تقني في أرضيات النفط ,4,24,الثانية ثانوي
2,INP1201,جذاب ,4,24,الثانية ثانوي
3,INP1202,ميكــانيكـي المسـابر ,4,24,الثانية ثانوي
4,INP1203,كهربائي المسـابر ,5,30,الثالثة ثانوي
5,INP1802,الصناعات النفطية/ خيار: أشغال الآبــار ,5,30,الثالثة ثانوي
6,INP1803,الصناعات النفطية/ خيار: القيــاس ,5,30,الثالثة ثانوي
7,INP1804,الصناعات النفطية/ خيار: آليات الضبـط  ,5,30,الثالثة ثانوي
8,INP1204,الصناعات النفطية/ خيار: الوقاية و الأمـن الصنـاعــي  ,5,30,الثالثة ثانوي
1,INT1201,تصليح الهواتف الثابتة و النقالة ,2,12,الرابعة متوسط
2,INT1202,عـامــــــل في الميكـــرو معلوماتية ,3,18,الرابعة متوسط
3,INT1203,تركيب و تصليح تجهيزات الاتصال اللاسلكي  ,3,18,الرابعة متوسط
4,INT0701,مُستغل المعلوماتية ,4,24,الثانية ثانوي
5,INT0702,مُساعد الوسائط الإعلامية ,4,24,الثانية ثانوي
6,INT1204,إعلام آلي / خيار: البرمـــجة ,4,24,الثانية ثانوي
7,INT1205,إعلام آلي التسييـر ,4,24,الثانية ثانوي
8,INT1206,تركيب شبكات الاتصال اللاسلكي  ,4,24,الثانية ثانوي
9,INT0703,إعلام آلي / خيار: قاعدة المعطيات ,5,30,الثالثة ثانوي
10,INT0704,إعلام آلي / خيار: صيانة الأنظمة المعلوماتية ,5,30,الثالثة ثانوي
11,INT1208,تركيب الألياف البصرية ,5,30,الثالثة ثانوي
12,INT1601,إعلام آلي / خيار: مُطوّر الواب والوسائط الإعلامية ,5,30,الثالثة ثانوي
13,INT1801,الأنظمة الرقمية/ خيار: المعلوماتية وشبكات المعلوماتية ,5,30,الثالثة ثانوي
14,INT0705,إدارة وأمـن شبكـات المعلوماتية ,5,30,الثالثة ثانوي
15,INT1207,الاتصالات  ,5,30,الثالثة ثانوي
16,INT1701,طاقة ومحيط الاتصال ,5,30,الثالثة ثانوي
17,INT1702,راديو - الاتصالات ,5,30,الثالثة ثانوي
18,INT1703,شبكات الاتصال السلكية ,5,30,الثالثة ثانوي
19,INT1704,إدارة الحوسبة السحابية والمحاكاة الافتراضية ,5,30,الثالثة ثانوي
20,INT1705,إدارة مركز البيانات ,5,30,الثالثة ثانوي
21,INT1706,إعلام آلي / خيار: مطور تطبيقات متعددة المنصات ,5,30,الثالثة ثانوي
22,INT1901,إدارة الهاتف عبر VoIP ,5,30,الثالثة ثانوي
1,MEE2103,تسيير وفرز النفايات ,1,12,بدون مستوى
2,MEE1201,تركيب القنوات ,2,12,الطور الابتدائي
3,MEE1804,الصرف الصحي وجمع النفايات الخاصة ,2,12,الطور الابتدائي
4,MEE1902,تسيير النفايات الخطيرة ,2,12,الطور الابتدائي
5,MEE1903,إعادة تأهيل وصيانة المنشآت الهيدروتقنية ,3,18,الطور المتوسط
6,MEE1202,صيانة المسابح ,3,18,الطور المتوسط
7,MEE0701,صيانة شبكات الصرف ,3,18,الطور المتوسط
8,MEE0702,صيانة شبكات التزويد بالماء الشروب ,3,18,الرابعة متوسط
9,MEE0704,التزويد بالماء الشروب ,4,24,الثانية ثانوي
10,MEE1805,معالجة النفايات ,4,24,الثانية ثانوي
11,MEE1901,استغلال محطات تطهير المياه ,4,24,الثانية ثانوي
12,MEE1905,تنظيم وتوزيع مياه السقي  ,4,24,الثانية ثانوي
13,MEE1906,استغلال السدود ,5,30,الثالثة ثانوي
14,MEE1901,فحص المنشآت الهيدروتقنية (السدود),5,30,الثالثة ثانوي
15,MEE1801,إعادة تأهيل مرافق الصرف الصحي  ,5,30,الثالثة ثانوي
16,MEE0705,استغلال أنظمة التزويد بالماء الشروب ,5,30,الثالثة ثانوي
17,MEE0706,استغلال وصيانة أنظمة الصرف الصحي  ,5,30,الثالثة ثانوي
18,MEE0707,استغلال محطّـات معالجة المياه ,5,30,الثالثة ثانوي
19,MEE0708,معالجة المياه ,5,30,الثالثة ثانوي
20,MEE0709,تسيير و اقتصاد الماء ,5,30,الثالثة ثانوي
21,MEE1802,البيئة ,5,30,الثالثة ثانوي
22,MEE0710,تسيير و استرجاع النفايات ,5,30,الثالثة ثانوي
1,MES1201,نساجة وحياكة  ,1,12,الطور الابتدائي
2,MES0703,تركيب و تصليح الـنظارات ,2,12,الرابعة متوسط
3,MES0704,تصليح الساعات ,2,12,الرابعة متوسط
4,MES0705,مغسلة و التنظيف الجاف ,2,12,الطور الابتدائي
5,MES0702,حلاقـة الرجال ,2,12,نهاية الطور الابتدائي
6,MES0701,حِلاقـة النساء ,2,12,الرابعة متوسط
7,MES0706,ماكياج مانيكير ,3,18,الرابعة متوسط
8,MES0707,التجميل ,4,24,الثانية ثانوي
9,MES1202,مساعدة حضانة  ,4,24,الثانية ثانوي
10,MES0708,مُربية الطفولة الأولى ,5,30,الثالثة ثانوي
11,MES0709,تجميل و حلاقة ,5,30,الثالثة ثانوي
12,MES1203,التجميل و مستحضرات التجميل ,5,30,الثالثة ثانوي
1,MIC1802,مفتت في المناجم ,2,12,بدون مستوى
2,MIC1901,الوقاية و الأمن المنجمي  ,2,12,الرابعة متوسط
3,MIC1902,سائق آليات استغلال المناجم  ,2,12,الطور الابتدائي
4,MIC1201,منجمي في المحاجر ,3,18,الطور الابتدائي
5,MIC1803,ثاقب في المناجم  ,4,24,الثانية ثانوي
6,MIC1804,ســبـار في المحاجر ,4,24,الثانية ثانوي
7,MIC1805,تقني المناجم  ,4,24,الثانية ثانوي
8,MIC1806,الطوبوغرافي في المناجم (مساح),4,24,الثانية ثانوي
9,MIC1202,مـسُير الإنشاءات لمعالجة الـركاز ,5,30,الثالثة ثانوي
10,MIC1203,جيولوجي المناجم ,5,30,الثالثة ثانوي
11,MIC1204,مخبري في المناجم والمحاجر ,5,30,الثالثة ثانوي
1,MME0702,الفلكنة و هندسة العجلات ,1,12,نهاية الطور الابتدائي
2,MME1201,توازي وموازنة العجلات ,1,12,نهاية الطور الابتدائي
3,MME1801,ميكانيك تصليح الدراجات العادية والنارية ,2,12,الطور المتوسط
4,MME0703,ميكانيك تصليح آليات الورشات ,2,12,الرابعة متوسط
5,MME0704,ميكانيك تصليح الآلات الفلاحية ,2,12,الرابعة متوسط
6,MME0705,ميكانيك تصليح قوارب الصيد واليخت  ,2,12,الرابعة متوسط
7,MME0706,قيادة و صيانة الآلات الفلاحية ,2,12,الطور الابتدائي
8,MME0707,قيادة و صيانة آليات الورشات ,2,12,الطور الابتدائي
9,MME0708,ميكانيك تصليح عـتاد الرّي ,2,12,الرابعة متوسط
10,MME1202,سائق النقالة ,2,12,الطور الابتدائي
11,MME1802,قيادة اليات أشغال الطرقات      ,2,12,الطور الابتدائي
12,MME0709,ميكانيك تصليح مركبات الوزن الخفيف ,3,18,الرابعة متوسط
13,MME0712,ميكانيك تصليح المركبات الصناعية ,3,18,الرابعة متوسط
14,MME0710,ميكانيك تصليح أنظمة الضغط الهوائي و الهيدروليكية  ,3,18,الرابعة متوسط
15,MME0711,ميكانيك تصليح تجهيزات حقن الديازل ,3,18,الرابعة متوسط
16,MME1203,ميكانيك وتصليح اليات المناجم ,3,18,الرابعة متوسط
17,MME1204,مشغل الرافعة ,3,18,الرابعة متوسط
18,MME1205,ميكانيك وتصليح الآلات البحرية ,3,18,الرابعة متوسط
19,MME0713,صيانة مركبات الوزن الخفيف ,4,24,الثانية ثانوي
20,MME0714,صيانة آليات الورشات ,4,24,الثانية ثانوي
21,MME0715,صيانة أليات الفلاحة ,4,24,الثانية ثانوي
22,MME0720,صيانة قوارب الصيد و اليخت  ,4,24,الثانية ثانوي
23,MME1206,قيادة محطة صناعة الخرسانة ,4,24,الثانية ثانوي
24,MME1207,تصليح وصيانة المضخات والتجهيزات الهيدروليكية ,4,24,الثانية ثانوي
25,MME0716,تركيب وصيانة عتاد الري ,5,30,الثالثة ثانوي
26,MME0717,صيانة المركبات الصناعية ,5,30,الثالثة ثانوي
27,MME1803,ميكاترونيك السيارات ,5,30,الثالثة ثانوي
28,MME0718,صيانة آليات الورشات ,5,30,الثالثة ثانوي
29,MME0719,صيانة الآلات الفلاحية ,5,30,الثالثة ثانوي
1,PEC1201,تـربية الأسماك في الأحواض ,1,12,الطور الابتدائي
2,PEC1202,تـربية المحار ,1,12,الطور الابتدائي
3,PEC1801,معالجة المنتجات السمكية ,1,12,نهاية الطور الابتدائي
4,PEC0702,مرمم شباك الصيد  ,2,12,الطور الابتدائي
5,PEC0703,تـربية أسماك الزينة ,2,12,الطور الابتدائي
6,PEC1802,تـربية المائيات ,2,12,الطور المتوسط
7,PEC1203,تـربية اسماك الزينة ,4,24,الثانية ثانوي
8,PEC0705,تـربية المائيات  ,5,30,الثالثة ثانوي
1,TAG1201,عامل المقسم الهاتفي  ,1,12,نهاية الطور الابتدائي
2,TAG1202,"مساعد تقني متخصص في المكتبات، التوثيق و الأرشيف ",2,12,الرابعة متوسط
3,TAG0701,أمين مخزن ,2,12,الرابعة متوسط
4,TAG1203,عون ادراج المعلومات ,2,12,الرابعة متوسط
5,TAG0702,المحاسبة ,3,18,الرابعة متوسط
6,TAG0703,البنوك ,3,18,الرابعة متوسط
7,TAG0704,التأمينات ,3,18,الرابعة متوسط
8,TAG0705,الأمانة ,3,18,الرابعة متوسط
9,TAG1204,مستشار البيع ,3,18,الرابعة متوسط
10,TAG2126,تجاري(تجارة) ,4,24,الثانية ثانوي
11,TAG2121,العبور و الجمركة ,4,24,الثانية ثانوي
12,TAG0708,الأمانة المكتبية ,4,24,الثانية ثانوي
13,TAG0709,المحاسبة ,4,24,الثانية ثانوي
14,TAG0718,التقنيات المحاسبة ,4,24,الثانية ثانوي
15,TAG1205,الشراء و التموين ,4,24,الثانية ثانوي
16,TAG1206,تسيير المخزونات ,4,24,الثانية ثانوي
17,TAG0719,البنــوك ,4,24,الثانية ثانوي
18,TAG0720,التأمينات ,4,24,الثانية ثانوي
19,TAG0721,الاقتصاد و القانون ,5,12,ش ت ت م +  الثالثة ثانوي
20,TAG1801,تسيير المخزنات و اللوجستيك  ,5,30,الثالثة ثانوي
21,TAG0710,التوثيق و الأرشيف ,5,30,الثالثة ثانوي
22,TAG0711,التجارة الدولية ,5,30,الثالثة ثانوي
23,TAG0712,التسويق ,5,30,الثالثة ثانوي
24,TAG0713,أمانة المديرية ,5,30,الثالثة ثانوي
25,TAG0714,المحاسبة و التسيير ,5,30,الثالثة ثانوي
26,TAG0715,البنوك ,5,30,الثالثة ثانوي
27,TAG0716,التأمينات ,5,30,الثالثة ثانوي
28,TAG0717,تسيير الموارد البشرية ,5,30,الثالثة ثانوي
29,TAG1207,المحاسبة و المالية ,5,30,الثالثة ثانوي
30,TAG1802,تسيير تجارة التجزئة ,5,30,الثالثة ثانوي
31,TAG1803,الاستشارة عن بعد ,5,30,الثالثة ثانوي
1,TAV0701,التصوير ,3,18,الرابعة متوسط
2,TAV1806,المشغل الإسقاطي  ,3,18,الرابعة متوسط
3,TAV1801,السمعي البصري / خيار: التقاط الصورة ,4,24,الثانية ثانوي
4,TAV1802,السمعي البصري / خيار: التقاط الصوت ,4,24,الثانية ثانوي
5,TAV1803,السمعي البصري / خيار: تركيب ,4,24,الثانية ثانوي
6,TAV0702,تقنيات استغلال تجهيزات السمعي البصري ,4,24,الثانية ثانوي
7,TAV0703,تقنيات السمعي البصري / خيار: الصورة ,5,30,الثالثة ثانوي
8,TAV0704,تقنيات السمعي البصري /خيار: الصوت ,5,30,الثالثة ثانوي
9,TAV0705,تقنيات السمعي البصري /خيار: التركيب ,5,30,الثالثة ثانوي
10,TAV1201,تقنيات استغلال و صيانة التجهيزات السمعية البصرية ,5,30,الثالثة ثانوي
11,TAV1804,السمعي البصري /خيار: تسيير الإنتاج  ,5,30,الثالثة ثانوي
12,TAV1805,السمعي البصري /خيار: التركيب و ما بعد الإنتاج  ,5,30,الثالثة ثانوي
1,THC1202,إنتاج النسيج /خيار: الحياكة ,1,12,الطور الابتدائي
2,THC1203,إنتاج النسيج /خيار: الغزل ,1,12,الطور الابتدائي
3,THC1204,"إنتاج النسيج /خيار: التلفيف، التجميع و إعادة الفتل ",1,12,الطور الابتدائي
4,THC1205,إنتاج النسيج /خيار: تحضير الغزل ,1,12,الطور الابتدائي
5,THC1206,تحضير الانسجة / خيار: التسدية - التبويش ,1,12,الطور الابتدائي
6,THC1207,تحضير الانسجة / خيار: عاقد- مركب  ,1,12,الطور الابتدائي
7,THC1208,تحضير الانسجة / خيار:  مركب السلسلة    ,1,12,الطور الابتدائي
8,THC1209,منظف ومشحم تجهيزات الغزل ,1,12,الطور الابتدائي
9,THC1210,منظف مشحم تجهيزات النسيج ,1,12,الطور الابتدائي
10,THC0703,ميكانيك تصليح آلات الغرز      ,2,12,الرابعة متوسط
11,THC1212,ميكانيك تصليح آلات الخياطة و الحياكة ,2,12,الرابعة متوسط
12,THC1211,التفصيل الصناعي  ,2,12,الرابعة متوسط
13,THC0701,الخـيـاطــة ,2,12,الرابعة متوسط
14,THC0702,خياطة الألبـسـة الجـاهـزة ,3,18,الرابعة متوسط
15,THC0704,صناعة الأنسجة / خيار: معالجة الأنسجة  ,3,18,الرابعة متوسط
16,THC1213,ميكانيك ضبط آلات النسيج ,3,18,الرابعة متوسط
17,THC1214,ميكانيك ضبط آلات الغزل ,3,18,الرابعة متوسط
18,THC1215,ميكانيك ضبط آلات معالجة الأنسجة ,3,18,الرابعة متوسط
19,THC1216,ميكانيك ضبط آلات تحضير النسيج ,3,18,الرابعة متوسط
20,THC0705,ميكانيك ضبط تجهيزات النسيج ,4,24,الثانية ثانوي
21,THC1217,خياط ألبسة السيدات ,4,24,الثانية ثانوي
22,THC1218,خياط ألبسة الرجال ,4,24,الثانية ثانوي
23,THC1801,نموذج التدرج في صناعة الألبسة  ,4,24,الثانية ثانوي
24,THC1802,أساليب الملابس ,5,30,الثالثة ثانوي
25,THC1803,أساليب النسيج ,5,30,الثالثة ثانوي
26,THC1804,تنظيم و إطلاق النسيج ,5,30,الثالثة ثانوي
27,THC1805,صناعة الأنسجة / خيار: معالجة النسيج ,5,30,الثالثة ثانوي
28,THC1806,إنتاج النسيج / خيار: هياكل النسيج ,5,30,الثالثة ثانوي
29,THC0707,تصميم الأزياء ,5,30,الثالثة ثانوي
30,THC0708,تسيير إنتاج الألبسة ,5,30,الثالثة ثانوي
31,THC0706,صيانة أجهزة صناعة الألبسة,5,30,الثالثة ثانوي
